id,none
c34113e0228a_image,0.24647465
539931eced05_image,0.25206593
53c971120ab1_image,0.26079556
3dcdfc352a06_image,0.6451
59a0fc64bd20_image,0.5532741
f02e557a36dc_image,0.5532741
8c6d6a69d5dd_image,0.65640104
3b4ab121cbd4_image,0.65640104
97de5453f769_image,0.48163453
318a1ecb6fc7_image,0.48163453
127c2b32dd5d_image,0.70765656
4f7f40e478b1_image,0.25870886
35271bec39b5_image,0.27167642
98bab257d89b_image,0.25980613
825dd8f7aca2_image,0.2758143
fdbaf93d6c5b_image,0.27193934
363fbf00088c_image,0.6008575
a82ca8f37fb6_image,0.2723606
82b36d045a12_image,0.26507807
acab76326ba1_image,0.24232945
1aff7e4ed470_image,0.25635368
8927235865c9_image,0.25730437
53316aefede6_image,0.2491786
c0c89f864fda_image,0.7478006
e730aa7fca0a_image,0.33078998
fbb175d04c3b_image,0.7035214
2dad900da56f_image,0.2694611
bf5c7ef3b72a_image,0.23734963
262f3525e16a_image,0.25643057
955bf1edd532_image,0.5485225
4fc12ae446a8_image,0.25258553
776686ca2f1b_image,0.7442118
abee6a2d0bf5_image,0.25841093
222601cefe1b_image,0.27164593
f35d7c728684_image,0.25845885
046b1edf6801_image,0.7790057
7b2ccb25396a_image,0.30491167
ccb685c76038_image,0.2755084
e5c56ef2d194_image,0.24872175
700b4524a9cf_image,0.70133185
da263425b379_image,0.43981704
4bf0dc7bae40_image,0.268073
69ace2980660_image,0.37162954
d7cb763ec2b1_image,0.29549533
fd322d964dc7_image,0.25647053
54066d711ef9_image,0.34235477
816bb3680b2a_image,0.41279802
e32589cd4421_image,0.26238924
5596c4063d58_image,0.73644155
6dea3c3d1efa_image,0.2635757
a356db474991_image,0.3434998
d0e829b775fe_image,0.7577685
eeeb7da65659_image,0.30783448
93dd10a00c51_image,0.25760964
63173909bed5_image,0.2407186
e5a860104190_image,0.7411625
c6a555431645_image,0.24620917
e00b7784d1eb_image,0.28877598
f2be75ff15ba_image,0.267649
b150add375b5_image,0.2554266
7d0b75feaa8a_image,0.3935545
898d24f3cda6_image,0.2664185
cf292f843e25_image,0.26403394
33d456320f28_image,0.26793116
26f2478e3e85_image,0.58559626
c788095df8f2_image,0.25166097
b873cfe5cead_image,0.7287792
09443dcb865f_image,0.49781066
aba653aebd55_image,0.6212656
802b634297a0_image,0.25334418
afce260dc959_image,0.24792437
1c47d2fcee72_image,0.4938674
82198019c4a4_image,0.2527871
d88e65063aef_image,0.5580064
37811132dc96_image,0.3455325
7c77f9aa3a25_image,0.45233697
5f65421ff6fd_image,0.7167403
50537bcf4cc2_image,0.31472698
37034ce54151_image,0.31116953
8180af690aef_image,0.29174227
37c6c0aee54b_image,0.25290912
7571cda597cb_image,0.27423355
1c13336fc8a9_image,0.26202172
c8538fe73673_image,0.26537782
949ea39318e2_image,0.26101
eb3fe9eb8e39_image,0.35252845
d1912847d707_image,0.2688299
bb6fc945fc18_image,0.3201701
904324209389_image,0.6833202
c4cea0fb5e7d_image,0.38394886
a3d2fd5ef626_image,0.67176294
61505043bc32_image,0.44593376
db15ead7ab00_image,0.7690434
557a70442928_image,0.48261237
fe97de4edad5_image,0.768366
fbc094e9276f_image,0.69601077
f900aac4111b_image,0.65969974
155f5e326d5e_image,0.2499425
94cb9518e355_image,0.70609677
1308d8906c2e_image,0.2577146
d69b4547fc69_image,0.43202478
87d8baf120a6_image,0.26606008
7553bffc2232_image,0.7512163
503a6e0884c6_image,0.2605944
a27f34f4faa2_image,0.57048345
68b95eed58ed_image,0.31773004
b5f9a65597f2_image,0.27822623
99978f106a39_image,0.53350914
5232ab4c4671_image,0.30284604
d0de673a7b63_image,0.28116328
78adeeaa636c_image,0.2626168
c3ded8550e66_image,0.3636214
4ea555b6e2a8_image,0.3831421
28d0fa664e61_image,0.24967098
cc2c3a3d2f4b_image,0.26785368
1078af8ac3b7_image,0.65353036
9b3eae4045c8_image,0.2508021
14ec6bdb5641_image,0.27221394
3e4b4468eca3_image,0.24669015
173c3e37e1f3_image,0.47238928
de56c2d5b778_image,0.7498518
51635cbfbe18_image,0.2642888
158cc858a485_image,0.25200418
3bb8935d30d9_image,0.28120995
35d6801ca10a_image,0.23931408
d8b8ef2bcbf6_image,0.6560276
a6a0ba6efa97_image,0.24845333
56b010725833_image,0.4403161
237aafc42d57_image,0.4466458
2f8c1d151802_image,0.27931547
ea39ebfacca2_image,0.77963257
c3c99fea8c77_image,0.2556468
f7cbc735f105_image,0.2821849
18a23df4fe99_image,0.3418001
c1bb54cfe02f_image,0.27816683
b081d24bd60f_image,0.25853342
dba0caa176ce_image,0.37818772
8857adac8318_image,0.25626874
6d66127d071d_image,0.36890015
7f49e2face0c_image,0.24838026
c26e3ae08056_image,0.61487895
abe007e3fc08_image,0.42472512
9d0f2c2645da_image,0.2514352
ea9ee4d59c59_image,0.2514352
5e64da034f7a_image,0.2514352
adc2ac4726e2_image,0.67932284
4acbd31eafd5_image,0.7773123
d5911a060ee4_image,0.22378676
797fe7acf67b_image,0.24867873
2565c5ccfba1_image,0.25455433
d5d3ededa34e_image,0.2515639
5e0e7acd9c7d_image,0.3054045
bf8e59f80d5c_image,0.24475332
022146012034_image,0.76597303
66d812201e73_image,0.5696414
95ed767a23e3_image,0.40013045
c3afb9da2ebc_image,0.6805375
9271b6df7062_image,0.2808832
cea591e99b8a_image,0.30241865
9e63fbef3c21_image,0.2653208
1d981fb423e0_image,0.3495925
11ef0d77a9c9_image,0.27530786
413344e1032c_image,0.26875252
cdfdbadb85c1_image,0.23052809
05e168e0d636_image,0.76543635
064b37b01cd2_image,0.29115856
8032d270ede6_image,0.47023296
2d58009c5ade_image,0.27636236
1bc8687f938e_image,0.2621572
d916d2169020_image,0.26888317
eaa1d528538f_image,0.2600437
d1be32513936_image,0.26712865
86734b7cc20f_image,0.24863677
b30d2aef985f_image,0.2263284
37bf83df1b86_image,0.22615775
13a28f6783b2_image,0.2530014
9f526498d12b_image,0.3229722
154b6a49ff75_image,0.47332534
3a73591225ea_image,0.43428937
2f9ccb6faa68_image,0.7655477
ca7b91d018c7_image,0.25568187
8d6dea06a032_image,0.25919917
366e7eb393e5_image,0.3637916
56414fb3f177_image,0.22943103
047ba804182b_image,0.44485107
d1a0f21a848f_image,0.24961963
d09b2158a7c3_image,0.3158194
cc495995f8f5_image,0.5996641
3ed35204df56_image,0.40290666
59d238641bee_image,0.5855557
100316af8a36_image,0.31603435
620191dbdfa4_image,0.29423112
7e11aff74953_image,0.6996244
ecebf3314fbd_image,0.7414421
d997c6c6a9b4_image,0.25613517
61884a13a399_image,0.25872564
cb75251076c7_image,0.39911216
36e1a455aafc_image,0.6274296
af7d1bd1d629_image,0.55333155
130aa9d3716d_image,0.32747906
b4eed879daf4_image,0.7767776
0f01c0517022_image,0.23393586
b5a75701a05e_image,0.755898
7b5d82423dec_image,0.35282204
38b2e04ea601_image,0.6864399
1c9c9f68941e_image,0.3111213
4040afec3ee4_image,0.25522307
ea1c164158da_image,0.3468826
cf2bb9880db5_image,0.26213604
69d1134dccc6_image,0.7569089
f17999420b3f_image,0.28279263
6b07294c7674_image,0.26839924
b57e134bbaef_image,0.25239816
b16a04496b57_image,0.2619189
32b211904f5b_image,0.24361019
949b8bf1079a_image,0.32533878
b1115b344129_image,0.30368024
f3f3ea70d5a7_image,0.2667125
18e6a4083920_image,0.7079027
9b7cee40d0a7_image,0.24713168
4d6c8e93e7c9_image,0.24821965
11541455ef19_image,0.25859523
d6c2f07ca4ba_image,0.2597576
e85bb0bcca1f_image,0.5059
a9330037dce2_image,0.25681204
896d667947af_image,0.6438594
cca081560d98_image,0.26622277
52f02af216bb_image,0.26821333
1f737bcf6fe9_image,0.25051937
6bce1f945580_image,0.28546524
3288907ddc51_image,0.6371082
c1de38ec41d6_image,0.26674503
1b0d0622ccea_image,0.2677516
57879f49e8a7_image,0.75849104
951211f8e1bb_image,0.5529691
3a20fde98cdc_image,0.31179866
e88f293bc83a_image,0.26270586
50de91c4297d_image,0.255897
6746a1932779_image,0.3500386
d0c7ebd93e70_image,0.6124674
3bf0dc73f1fe_image,0.48942676
b362aec0b6c5_image,0.6158296
b09b20b44640_image,0.70497596
bb425c8a4aae_image,0.34732527
12fbfd355d88_image,0.2976103
9f1c1a909d7f_image,0.40519834
c440ed025b38_image,0.6787853
1ab561ec5f7e_image,0.26992947
f504d269be24_image,0.26027235
edd69153435a_image,0.5614799
b7ec5afe1084_image,0.23613366
4d105a99d866_image,0.54000473
e1635f289c95_image,0.44231787
5dd9e477a6ee_image,0.2523323
e9a3b9253cd3_image,0.2726635
948e9f366810_image,0.24548134
36141cda67ad_image,0.46441174
afe360acb63b_image,0.2612463
a84c79aac3c0_image,0.7752363
daf0bd7ba1b4_image,0.27905273
45bc12129df2_image,0.63227916
fec0249d70e4_image,0.30700478
5592c8778ae2_image,0.6439961
6c42a41a6c6e_image,0.7888042
f58258eeaa42_image,0.26838905
32ecb7330e19_image,0.2636599
e3cd1fdf2444_image,0.7690273
14eb73431579_image,0.6470658
3730eb76afba_image,0.2686915
9f525be80c70_image,0.2490209
2ae9c4c6566f_image,0.26418886
160cfef3014f_image,0.25755352
36b323299f7e_image,0.281662
520a1a7b039b_image,0.2736443
5a0de0207028_image,0.6640266
1ba8aa7acf76_image,0.25121218
eb632adfa113_image,0.30722314
eea4c86f42d5_image,0.35628253
9c297e900f67_image,0.26720938
94573ab529f3_image,0.39546576
114f7f3baedf_image,0.25738096
a2bc78e322a8_image,0.619245
7bba27555fe4_image,0.2611892
4ccb8a39c77a_image,0.28208253
60f94703051a_image,0.75564885
144c27a2554a_image,0.7229899
252552312a42_image,0.5908731
d7aaf0a52df3_image,0.2742589
89ee5be93326_image,0.2742589
550a6a9ee91e_image,0.29947203
079be2a10982_image,0.722334
f6ba3df9a8be_image,0.6200406
4d56b2fc668c_image,0.23776445
db9ea9c5067e_image,0.24393106
de0cf08fcad0_image,0.28493145
572d5c14fc66_image,0.2495358
198ffac65dac_image,0.5428693
d3b7a21b2ce2_image,0.7350937
731910f93559_image,0.27669856
6fd59d569aa1_image,0.58524626
7a09311ec3fa_image,0.5316102
833fc5c718dd_image,0.24468175
9b8610d78de1_image,0.26294938
9c460da48071_image,0.7511555
aad5bc70a20e_image,0.26432627
04720d7e4e42_image,0.24553815
ffc66893d9ea_image,0.34688848
37d6750b5282_image,0.2608157
81646eb45af3_image,0.2643689
85b6452b47cc_image,0.262917
41251dd79bb3_image,0.28878298
4d7b06512cc1_image,0.2722221
0d47ef3e87e4_image,0.25837356
b708990b8e03_image,0.24544685
f2d98750a22c_image,0.26600352
b3e31b3aeba4_image,0.26141807
305870c916a4_image,0.24141045
b138b32605b0_image,0.6362875
d1e5994d79de_image,0.28573078
697a674d44e0_image,0.25394154
256f0960de75_image,0.30685407
0af6a45668be_image,0.27577668
b4a7026fe17c_image,0.4639737
a1883aeaa8f0_image,0.2698735
17e40efa4596_image,0.27722138
ebf5edbbed2d_image,0.24714164
767f10b9aab5_image,0.24647386
90fa4db1ab87_image,0.24850886
4ece84b1cfb8_image,0.2603647
ea5341f767eb_image,0.68086493
f39044d6c511_image,0.31952292
fbf41ac72bdb_image,0.33168063
1199fd9f2aba_image,0.5675289
7509f6912049_image,0.76052296
1ff307ae0df6_image,0.2870229
5fba37ac7937_image,0.26564586
0c2ad4c7a6c4_image,0.59536153
b04178e642ed_image,0.24481769
bbb202078733_image,0.2511402
3f133fac447c_image,0.2862948
b9f9619f02ba_image,0.2580883
b411d3c30168_image,0.7507603
acc3e6eff7c8_image,0.41745648
2ba135370ac3_image,0.2634934
822b6007287e_image,0.77920467
bca76008a759_image,0.25978732
a6fae2436886_image,0.69502366
b168e230f3f5_image,0.43878907
435bc0fcb0ab_image,0.67982817
9f6cc74b0062_image,0.28098312
804538984842_image,0.25770074
e002731bb6cb_image,0.443437
5058f3b157e3_image,0.5991227
ab276c041ef9_image,0.34413022
fcc09eaa77c4_image,0.3096984
1e1734034b0f_image,0.70862186
acd735d74d02_image,0.28711542
0fedf74dc163_image,0.26512837
340c9cf3b19a_image,0.2946397
95be2813ba36_image,0.25489837
aa6b768d3161_image,0.24075913
ea71a8b95d30_image,0.24075124
293014c67757_image,0.3742053
08992bd07010_image,0.24986497
7c95cf673952_image,0.26272812
34b713a5bb1d_image,0.269794
394892cb8a63_image,0.2916276
55ea6ce07bdd_image,0.2635928
c75d657e8065_image,0.31671745
5ba33931fc64_image,0.47089976
d6af3acc4ce6_image,0.45070893
576cbe3e3680_image,0.27855194
375b61c5cc94_image,0.24759614
251f897c9e10_image,0.3009347
731b94c566ef_image,0.27813005
895701fa488e_image,0.4464026
5eb97e03c468_image,0.27763003
b5b00763a191_image,0.27205867
2743e121b370_image,0.7622612
6a0889223a38_image,0.65690607
db9da8404d58_image,0.73180604
5c9f41283e7c_image,0.2657191
fb073252b364_image,0.64611095
9ad1e1a0f97d_image,0.26612225
62fb484194fb_image,0.2571798
80e7a6e59bde_image,0.3878677
6be63db536d7_image,0.251346
5adf919e765a_image,0.2785688
4fe0444d7fc5_image,0.266433
eaec01e48714_image,0.24980947
fc332a1e51c9_image,0.4347279
a67ef603134f_image,0.25614166
af6abf791a39_image,0.47440234
95b2cd351ef0_image,0.7347799
977a20a10137_image,0.2778017
51ea4e1227bd_image,0.2594375
f8ed7c6111f1_image,0.24617009
ae9849096225_image,0.26624316
897e2799654c_image,0.3449856
eff9f15c7e9b_image,0.24991994
04de800ea41a_image,0.26021653
d35dc6f25249_image,0.2761442
cee98095dd28_image,0.27089983
946a0aa2bb58_image,0.26073128
c3d0378f8856_image,0.29214233
773998cb3cbe_image,0.7790906
2250e31a4999_image,0.2533559
2a2019322d8e_image,0.2746548
6d3f777f0a8c_image,0.6890143
a4c570b129c3_image,0.2524629
720a67515500_image,0.25247973
ac2562a40897_image,0.4761668
ab46f325ad85_image,0.3927335
02eceb0fc405_image,0.31226102
2663588e7048_image,0.31877607
866f58f2ff1f_image,0.36629748
1ce9abb861b6_image,0.27215132
d3d02532e1cf_image,0.27110198
8ea54e20fd42_image,0.25729388
966b86658ed3_image,0.27029634
9d2e46f17c72_image,0.599054
0c4d32f6b806_image,0.28549558
41c25ec8c44c_image,0.26394215
7f30a3c92da5_image,0.2623766
26fa9834387e_image,0.27412716
79e957055a36_image,0.26522678
0718c860f2ee_image,0.7379204
33e0c978d0da_image,0.26688108
0026720152f5_image,0.38879415
c61fe263d5e3_image,0.25605017
c02ef6a70c7e_image,0.2575182
0cc69a8f538c_image,0.23350616
0f50aabaa314_image,0.6939614
c0a746ef9f9f_image,0.24557786
4eecfe2a4de1_image,0.66633075
31c07523a69a_image,0.24164471
ae9c9f0b03da_image,0.49353257
a8de2b8aae69_image,0.2634891
a522fd19d916_image,0.24730435
82da4f94ce03_image,0.27610987
1ade3b5d0699_image,0.25077626
16237f3bc333_image,0.25758797
5699fc89704f_image,0.29778916
8c3864112d54_image,0.26288575
c0b95ee9cc9f_image,0.41232848
0ed283a366dc_image,0.5225988
c0f5131b1c99_image,0.24451384
516e4adba012_image,0.70412195
d42cadfaac8f_image,0.27385932
9b0ab5582681_image,0.2712461
8c452e8e1278_image,0.24542841
66ca7bb52ab9_image,0.66047615
e7b2a9418b98_image,0.24250369
223115cbf342_image,0.38395387
0562436fde50_image,0.25125474
05ab2c886dc1_image,0.7623827
3b9fc021b611_image,0.29471874
47ea205fd755_image,0.33575496
89426c0c18a8_image,0.69021493
dc6834a1efa6_image,0.2976091
dfb6a487e854_image,0.25368372
ebaebf6b1e02_image,0.31158185
9a526c2b4891_image,0.4217976
bb6f8089e6df_image,0.25989002
25e11b9fb687_image,0.25951862
11b8e5179115_image,0.34845525
f2038cb67c83_image,0.24414411
eaad41dd9fe3_image,0.2500357
275513358c80_image,0.5292087
7a31d8763221_image,0.25397897
beeb1db9f010_image,0.4578987
35dd17ea3e6a_image,0.24998045
8727f101e9f6_image,0.7411877
4855b78e0df2_image,0.7161992
8bc924bcab6f_image,0.27412665
4eb36901f082_image,0.26661953
e23027c8bea6_image,0.32222906
59911e31f963_image,0.35292184
a840d15a7cdc_image,0.29211208
904141862f44_image,0.43532157
d519913779f2_image,0.30412608
1c8df7067e35_image,0.24789128
a43e755ee84f_image,0.74083126
d750be1736db_image,0.24907446
7205313f062a_image,0.7302605
ad7c68b8f111_image,0.47742277
e9783e91ed84_image,0.26356316
854f9f3e562f_image,0.32042438
2aaab6a41f1a_image,0.39459205
ea79274e2bfd_image,0.3473327
01c3512eebc3_image,0.7475151
045c1e859dfa_image,0.41951075
b22a9e82f34e_image,0.7642853
bfaffdf740f5_image,0.60602456
75a172588bc8_image,0.24320528
55433651ec05_image,0.3041964
5c4c752c1e46_image,0.61147004
458417ad6155_image,0.28324473
3d56a237b6be_image,0.34685257
3cccbd897c39_image,0.7237487
b37ae8cb220b_image,0.27844676
4eb9a8ab1559_image,0.7603714
b92e6f1b6c1b_image,0.25647742
abedbc04a891_image,0.7908562
fd65cc14da23_image,0.24997659
1cbd87cb6bf9_image,0.70326954
ecb545d2ff15_image,0.336267
059eae61ad15_image,0.27081925
c955b7274092_image,0.66478413
b56f4eda9cea_image,0.35434538
50c0e40fd929_image,0.2513846
fbf51388c4ff_image,0.75485086
dc5141a2316a_image,0.25990567
cad5ad977e21_image,0.57930595
875cf71bd22a_image,0.26165277
6f423b9b0633_image,0.2667722
7603bfc07ffd_image,0.26235023
179291642620_image,0.23550141
5bab1b955f2a_image,0.5102653
7035dc2026f0_image,0.23690757
5db9599cf9f7_image,0.27466074
98fbac3667c9_image,0.47139645
1b640a2839db_image,0.40360242
34834851ec56_image,0.24586563
962e120703d1_image,0.7662358
e3eeddbfba24_image,0.2551443
e53c7af3541a_image,0.26903337
dfc5c09a50bc_image,0.2806953
240bf89e4d58_image,0.26312986
06df1e2fde68_image,0.25201732
af31df978fe9_image,0.7816286
d832414be226_image,0.34720534
75b2c9f1f232_image,0.23775113
b1b46fa2505e_image,0.2494901
337662fe44ef_image,0.31969467
1c1e9d3f5bab_image,0.77615726
50dfcc0c2826_image,0.24940729
d0d3d60f8914_image,0.27207297
363dd47c8b10_image,0.27004108
5badf765648c_image,0.66226083
13c550e44b7c_image,0.64911497
34270243e572_image,0.6601678
a74e51891aa8_image,0.25163716
a22e6a0c0ec3_image,0.29030347
8b901c5f333a_image,0.25729686
f785f9c6bbf7_image,0.27007803
24ef59e133f6_image,0.2546824
0db323463d0a_image,0.4884676
5af15b21333b_image,0.23976353
664250f0f623_image,0.3047127
7a608ecc4868_image,0.256856
97998832742c_image,0.24116719
9a1185f5ff34_image,0.26640663
849c83d5af12_image,0.2519992
08bbffaafbe7_image,0.26571408
27d3da7a8e3d_image,0.332157
6cc1f1900818_image,0.34808302
509c535a3dc1_image,0.26783288
0d50bce86451_image,0.26310766
a5f2fd8c90cf_image,0.7227136
1eae0890a6ad_image,0.25354356
6ca7b75a4796_image,0.39003998
5fbec0b4056c_image,0.25155595
b854ff324fbb_image,0.23767173
14658311d76e_image,0.27420336
f07e4a04078a_image,0.35091034
e8d690e0d67d_image,0.2755373
69ffab5539ec_image,0.26194993
e5f1d33714e6_image,0.24619102
26da12104c4d_image,0.60514295
422c0e145066_image,0.4898948
46719b856de1_image,0.4898948
84d25a1cef94_image,0.73117864
7984338fa964_image,0.23681211
3d4fb4320278_image,0.704785
9998acc77910_image,0.24629489
6c4cdd180e0d_image,0.4167459
49fb3141efe3_image,0.25032014
16972e92e827_image,0.61807215
cb3eb8d1abd3_image,0.55708295
5472531dd991_image,0.5887757
1c1c48cb66e4_image,0.28587452
e19d8286b13b_image,0.25361723
0e97cc4123aa_image,0.25608286
8829d22c3e2b_image,0.25551683
7cc2f3d9b469_image,0.23959443
070cbe2d3dbb_image,0.4796268
cb26c1aef6fb_image,0.585197
64ea82b1343f_image,0.26081595
82d09edcbfc4_image,0.29198948
82af7f7081d7_image,0.25372714
633e41912f6e_image,0.24451756
e3a4dddc69b6_image,0.752929
516d9b3ee48c_image,0.25821152
a459429226e0_image,0.25021642
05feea9719f5_image,0.264114
b4d04b517ef8_image,0.42342463
0f813cc26e33_image,0.5175927
26454c05ce6e_image,0.2615463
c8ebcc491f27_image,0.5929572
5878b290f09a_image,0.25329253
ab471797d0a8_image,0.29035133
cd6acf7eecab_image,0.2646715
3612ee150596_image,0.25767827
8d2c75ff8149_image,0.25763234
2533fc9ec975_image,0.76489174
5378fb58d2d1_image,0.26348463
1a4c378605f5_image,0.77774733
2c1c4ab77d52_image,0.26064172
59c4bfbf8b5b_image,0.34927014
639f6bf3c727_image,0.53732324
b69c808bc09b_image,0.30943182
440de3bfe05a_image,0.6683072
e49489fcf5c0_image,0.25296676
ca107bb3a592_image,0.5344555
5ee582e2463a_image,0.26438233
1a330ec81ee3_image,0.26497215
7ea12126a6e3_image,0.327972
64c64a317c96_image,0.24271183
96e1e1cf5431_image,0.256675
e20cf732e8eb_image,0.56945336
e78f51cdf0b8_image,0.30570027
6be23f5c40f3_image,0.7178768
49c1b06028a1_image,0.26738223
c39146cbda47_image,0.24813648
da66593f5d16_image,0.26129526
f31bb833e467_image,0.3420755
fbdb5bff26f2_image,0.24554689
a29c5a68b07b_image,0.24628086
a706ebbc447a_image,0.27792162
f49845505871_image,0.24978209
70bee63a6740_image,0.2757833
ab0a95dee3b0_image,0.714904
0dc27df9b1bf_image,0.34535486
1d9a8f9f0eef_image,0.24789111
0821e77a60ed_image,0.28143004
98118511c57b_image,0.257477
1b282faf0f42_image,0.8093567
d021e4e09628_image,0.25509456
3a81bc9c91c9_image,0.35373265
789ef0f544c3_image,0.24593353
afd960320c38_image,0.24247059
fe0cf147b965_image,0.77887785
f5b45b497add_image,0.23832913
6a99f80ffa1b_image,0.26097316
a8217ee2d2a0_image,0.25271976
4e01dd0a5fdf_image,0.24585709
e0daaf8d36a4_image,0.24765122
f016fe5579d7_image,0.2685829
ac238e67fdc5_image,0.81662047
1c5aa8c405c7_image,0.6267501
62eca401e981_image,0.37756854
0bbb78f96f46_image,0.3746686
a24bc9ab2ea8_image,0.26037645
e134e2ffdfaf_image,0.7658664
5c88a5fc55e7_image,0.24482742
07eb8cf8958a_image,0.6613841
ce34bdbe98b5_image,0.4528359
19b0d2d65a38_image,0.26959035
aaef254ce2b3_image,0.34260643
e831bebfa015_image,0.2695448
b4b6e82b3dc9_image,0.2675355
d8407edd456b_image,0.24912591
2be224a00fac_image,0.24727778
d91b58caa74d_image,0.76204145
2bc3736cc7bf_image,0.47113824
ebcc9bedfa05_image,0.28114438
d3270449d5c5_image,0.6651569
c3deaf98bf56_image,0.25567228
9ad80e79362f_image,0.73596215
a52729755130_image,0.25438663
d706eea1b70c_image,0.765875
c43e88a44468_image,0.27979222
a72e1270f4cd_image,0.2722725
26102c3f4f0f_image,0.24685565
2dbd5f171a0f_image,0.28025922
ab15692269fc_image,0.7551184
bc72a19f5d87_image,0.7380209
f038e6d16303_image,0.7246337
5cb984539107_image,0.24745414
604bd55c21c6_image,0.25732625
5ac874337f82_image,0.27044088
df829b7602ce_image,0.7553569
c28570a073d9_image,0.24686924
c5d9340b49ee_image,0.35061634
8d6d32d0822e_image,0.25891644
04396dd5af2f_image,0.24587138
27a4a0d2b7ec_image,0.2654546
b0e7fab418bc_image,0.25019783
71dfba1a08de_image,0.2752952
2d6a4bc38540_image,0.26474276
25d33047633c_image,0.5763891
fc45a3b144a7_image,0.814616
409322480a9b_image,0.25995106
36a2991ffe0e_image,0.27745327
17d708d24ae8_image,0.4115692
6610e4632963_image,0.27864465
0f147ee4a61b_image,0.26434565
d0b546b42023_image,0.2627314
dbae9b9b9500_image,0.62233007
3b1dcd10fa0e_image,0.773343
23fd057dce2b_image,0.26014248
c81d1d4a4d70_image,0.4949533
0c8af80ba8cb_image,0.26878226
91a36aae8b27_image,0.71722984
da3860170bad_image,0.28276467
e92b08b5a77c_image,0.3000788
471f3f81a718_image,0.69846475
349d5e5d8690_image,0.505733
d866b471de43_image,0.7201897
2fd67e10bfe7_image,0.24383613
6707b082f3c9_image,0.31502485
d438ffd35a00_image,0.25581473
b9ebfc00c1b5_image,0.26023832
0a0c1312be06_image,0.40551552
ffb8115a304c_image,0.28378922
41c26ea10186_image,0.65376675
d50e6d47864b_image,0.2652146
699fc1ec26f9_image,0.27817303
8f925628e0f2_image,0.2391769
06abdb2562ce_image,0.26607075
818065156194_image,0.255779
9850b5470fd6_image,0.25654483
1863b31637f6_image,0.2548688
181a2a300bb8_image,0.2583223
95a69615f643_image,0.26427203
1fb5ca50e8d3_image,0.29563352
2413a23a5477_image,0.24556494
e3179eb2ff82_image,0.5484269
84680684e418_image,0.344058
fe508ca896d7_image,0.5276282
afc074e1bdb7_image,0.24145496
0d4ba5dc4a24_image,0.6058315
e8d801584d89_image,0.4108809
2857f0e19e09_image,0.2505757
faf630376fa9_image,0.2731525
ec563919514c_image,0.4778348
d5a056bedf60_image,0.2704243
2083ae742497_image,0.2681425
6cc1a9065abb_image,0.26813734
374e1b87d7b8_image,0.24928577
5175b9a4a25e_image,0.32032964
dee71f5c5b9c_image,0.23651688
b6e6bb7b58d1_image,0.70404804
bea59325e32c_image,0.42207804
04f4a36c08a2_image,0.25452563
91e5e9e37c58_image,0.24488302
e150241b43a4_image,0.24289806
574b38d8f6ee_image,0.24635191
5b8ee5baa1d5_image,0.2929555
6de46911f968_image,0.6581589
9f10e1534e81_image,0.7227911
3be5852db61e_image,0.4118483
c7ef36caa2fa_image,0.27226654
9883f5325492_image,0.24862309
89f860cec129_image,0.679703
23d8a619f39c_image,0.26016226
fb1e3b68864d_image,0.2547627
d4a4dc17bb61_image,0.24496333
f77d7d1aebab_image,0.6940478
65045f5ef280_image,0.59498394
4eceeddd00ca_image,0.26270932
261b3d1adfe4_image,0.30211142
87a0829f53c1_image,0.25596213
dea7079400f8_image,0.27525717
71dc3bd13f18_image,0.23787737
e427d54f3926_image,0.42796582
4810ae5dbc08_image,0.26735806
8262b27852b3_image,0.24866614
5b75a1de503b_image,0.26011497
f99f9714b911_image,0.24861984
8887b33c4bb3_image,0.7594345
39756fea8654_image,0.26584753
efcfaa82fcb8_image,0.7735264
dcf6740dbc49_image,0.26267704
957550f711ee_image,0.38105512
ba4b17aaafc2_image,0.25769874
84dd9eff2ecf_image,0.69369346
1e7429ce2e06_image,0.2508102
1359178e428a_image,0.2993112
00fc8fc35dc1_image,0.24599937
eb4d5d8af5a5_image,0.69520247
b246eb99760f_image,0.2549128
1137ee93363f_image,0.24519353
f1b66ff8f4eb_image,0.2397604
f97bf716e365_image,0.67119247
4c56fe85fa4f_image,0.33490938
718676f11609_image,0.7330696
fce43e07637a_image,0.23405597
65be7fc2448a_image,0.25246423
b39bb8f504fb_image,0.24210517
303840f71bb5_image,0.23595397
eb793f1aa7a1_image,0.26991814
5fbc3a77d700_image,0.24791959
1c937e2b91a9_image,0.2625298
ad98af65ad2a_image,0.24384376
81ca75341b65_image,0.27200514
eb9a9b9a0870_image,0.2772072
f87f1ab5729e_image,0.2650383
89128c0fa9f4_image,0.7796067
deb2db0a0efb_image,0.7657801
d4afc9da3448_image,0.30787683
cdc6e15cc1a6_image,0.25441355
9b934d581e5d_image,0.5745412
4c0658c05a64_image,0.75530106
1dccbb75ffba_image,0.31773707
d16be9684636_image,0.47578898
271bea69026c_image,0.25459996
cdd9c6e8d821_image,0.58923197
ed74d42fc445_image,0.2549727
de1b8900bf84_image,0.24873486
8e4fd6198ae9_image,0.6777477
1fba9eccac03_image,0.36726657
01f948f8e544_image,0.6689827
aa6c8c46a05f_image,0.25235605
6c45d9b8e386_image,0.2758257
17ac0fe388c7_image,0.6664904
5765f6b4707d_image,0.2790834
78d62cb36b01_image,0.73455524
2955c5ce3f0f_image,0.48341122
aa55fc6c616c_image,0.39992803
80af9d802a16_image,0.6747686
1047ca1a704c_image,0.3508843
1f927318863d_image,0.2856624
b5b53f0a4947_image,0.27381045
e61e420938b6_image,0.27512994
bf30cc575dc9_image,0.25636086
0feac35cd28b_image,0.27932993
51d2f37f3f60_image,0.30696553
ae001742d48b_image,0.5863789
21ab319a926c_image,0.2857031
ea7909e782fe_image,0.26668987
c836922a723b_image,0.27182415
4041be34745f_image,0.28858727
3d47cc325262_image,0.7602398
b1c455a826eb_image,0.31926602
978e985f0c70_image,0.7635701
fcdb115a918f_image,0.24853297
2de24d1c32bb_image,0.6611618
3d639e7999a5_image,0.2702412
88e9dabee5fc_image,0.77229327
52168ec4f7c5_image,0.33275726
ba0b49821b69_image,0.5899426
51aedbecbf46_image,0.5580555
ac634dd7e884_image,0.64861697
0cccb1eca1fc_image,0.35502267
877b017a6d20_image,0.26668844
5dba2b3647b1_image,0.2545894
b5e287db5781_image,0.3712865
040d0765b661_image,0.71597666
36ba388a18df_image,0.2466085
386343f0df08_image,0.23961532
649b529933d6_image,0.24960823
05435da60872_image,0.25311854
93be428f5dcf_image,0.25355595
317df13caea9_image,0.25968346
d2289e68cca1_image,0.25430468
11b60db4052a_image,0.7328971
ecdd379e2a9b_image,0.25473458
87c38eda11ed_image,0.58023614
bef0837ba654_image,0.6422724
11b9ab3af3db_image,0.77418804
47a976677416_image,0.23771289
37cbf79c6de0_image,0.6020208
aeaa44932cdd_image,0.2606524
11349660bb1a_image,0.23972397
36be4f943382_image,0.27244964
cfcbddf07c58_image,0.27182418
cede944b70a5_image,0.3235225
44b12000b7bf_image,0.6736995
961a766a5511_image,0.26419348
7b0e22a045ef_image,0.31284046
30b1c089724e_image,0.26402372
6f9d2683e93e_image,0.37410066
d40d1b28e300_image,0.25734705
88debce8e1c3_image,0.2704966
d393233d1b40_image,0.7253501
2a31b1526915_image,0.28372654
5020cd97beb8_image,0.27811322
ad3e33d5f844_image,0.8271588
405d774f17d5_image,0.44259363
3b5f48db44cc_image,0.357446
2a316bf62f59_image,0.2633266
ddd7ad8b0c41_image,0.23607084
bb1d9e39b848_image,0.24749489
25b281d5a9f3_image,0.24452186
2a1dae5f6b5f_image,0.75011235
e2c038335c9a_image,0.41791168
d42b21e5f6cd_image,0.27930087
ced40f593496_image,0.5632925
b96333d66af7_image,0.25022152
97324905f48f_image,0.2603891
268d472480ec_image,0.25248092
e036a057d0cf_image,0.4009002
87c51db67bf7_image,0.2522451
d25061b50086_image,0.25418407
cf0007295ff6_image,0.25965327
58bc298e0f9f_image,0.25720018
536da2d8df21_image,0.26413512
29c992128fbd_image,0.5063179
45a57e934e94_image,0.64189535
04a083828fec_image,0.2637909
ba2d7962e757_image,0.26483965
39f8e38c9d43_image,0.2535701
7230f166720e_image,0.2406536
50243b2cdb56_image,0.2801899
df937504e546_image,0.3742267
129846482a83_image,0.36523533
12ae063a0dda_image,0.25526306
14db2ff155f6_image,0.2887278
ad56b89a81c7_image,0.23840109
551957feafcc_image,0.27030858
5aa20bb0feb2_image,0.70189327
6ce67071aa0e_image,0.2739014
eb5787b68520_image,0.7948573
2e131066f152_image,0.77376974
50201fe80b1b_image,0.24234302
d6809af17965_image,0.27374506
53b0dc275cb0_image,0.25619832
82589da89e95_image,0.28131992
1c69c1af9a67_image,0.4949289
16d5b63ac279_image,0.2643289
e252ffbf487e_image,0.72515184
81eb1b621a83_image,0.26543793
55f69f03ee2f_image,0.26543006
9603112b4c2e_image,0.25443363
71a354af0223_image,0.7533146
d0e4465e3731_image,0.24122587
7d27573ab0c5_image,0.3317401
ff88ed1df29b_image,0.5583067
accc3b15a2d4_image,0.25831416
eb6cabb0b9f2_image,0.25715843
2b9cfe857b00_image,0.26313075
1d674718db40_image,0.2514229
7d68127f8818_image,0.74202347
a88f38a36bb2_image,0.4988888
d0439f9e0dcd_image,0.3041211
0be236941397_image,0.3041396
6fd7971538df_image,0.7390394
9cd592696284_image,0.4078803
fe501aa91e43_image,0.25624192
beb51e05dbc5_image,0.5706963
9bc2041c6ac0_image,0.25981814
180a5ea482c5_image,0.24669175
1ed201489300_image,0.43181872
93ddd4e6eb4c_image,0.6696807
51d9dda5e493_image,0.63499975
1eb558739c44_image,0.26679024
781a92a65529_image,0.2661356
4fe79f658041_image,0.6749385
56a3fb6663bf_image,0.2583599
404d53460643_image,0.25454926
553cc2a7b556_image,0.2546473
2e4e44dfe103_image,0.44879204
8b354d4a216f_image,0.24701715
164dd63ae571_image,0.2749563
91faf22d3721_image,0.64456016
ccc5b63ca96d_image,0.8079211
5e8ac1fe2b82_image,0.44142652
91558723b2cd_image,0.26896995
3dfa8d9f66f4_image,0.43159422
927bd54fd2dd_image,0.2519675
99b475d1d2ec_image,0.28824744
290d07d7480f_image,0.26534447
a0f6e42396fc_image,0.25649714
445298de90b9_image,0.23022577
9aa2c2119c43_image,0.371002
aee5e3feb1a2_image,0.25035444
4f83ec489a15_image,0.26886877
b3d87adb933b_image,0.25642386
2b7e9cf46376_image,0.26023355
09b64291b1b9_image,0.35213068
ede662a3de87_image,0.25404894
f2200b845e93_image,0.26196036
a489286e78c1_image,0.26164642
dc58aecf62e3_image,0.27113765
e420d66bb7f8_image,0.26513058
9cbc2fd041a7_image,0.25857592
1b4cf5e0fbe0_image,0.4273569
fd7f440d5444_image,0.25784883
4e126f476f86_image,0.2440236
4c2d931d0f33_image,0.24625118
5fa584b8b4ad_image,0.25238878
a492841dcf21_image,0.25855064
3d465a00a9b6_image,0.31611642
ff5448be90d5_image,0.6745486
05a70a1c16c1_image,0.24355581
7934201faebb_image,0.5137038
3bacdbd6ce10_image,0.6350729
f533f5259633_image,0.25516114
efd8a04416af_image,0.63495266
6828795ea830_image,0.2569371
9eb5cb68d2ca_image,0.7579964
1dfed0992998_image,0.2628507
49e9379c42dc_image,0.24434309
82c5cf0b451c_image,0.25767207
5b27050cfb90_image,0.30772686
03a778f5a68b_image,0.24685362
4d1bf3193a0c_image,0.6205827
fa29fd163597_image,0.2943836
adb60ba82edf_image,0.2528103
bab3c8aa789b_image,0.2534895
042979d394a1_image,0.3494912
cf0bf9859b12_image,0.24845596
926aeec260b1_image,0.25257686
acc80ec7e327_image,0.53179246
208c4c416450_image,0.36562783
0cea7e93db89_image,0.26078373
d6387e1c8161_image,0.34635127
bdd60ba8638e_image,0.31862515
16a0d37747d7_image,0.26153135
9bce1b51617d_image,0.7187933
376d6d181b25_image,0.247293
c22134ea64bc_image,0.5577323
3f1439b85338_image,0.2541502
e226747a2d76_image,0.25484833
1b40a20045ee_image,0.7387203
caa431721668_image,0.2649203
abd45a0023eb_image,0.27449402
9310ceec556a_image,0.26892814
3a2aa71a792e_image,0.52944505
b83b916b6714_image,0.27067727
a37a362df0ac_image,0.5366882
5b12f6b2c93e_image,0.26339665
57d169dabba7_image,0.32544363
6ca497c845ef_image,0.29524264
3b7ae6879147_image,0.7505981
b74f81d65e79_image,0.2630319
0c81b34981b3_image,0.3045233
3550632514dc_image,0.25653476
1093f305a358_image,0.27110785
2910a7781437_image,0.2653175
f3239829a8dc_image,0.25703394
7e2e014e1656_image,0.5080249
fed3a460884c_image,0.33182377
7230234e120a_image,0.26462656
1f49246b305e_image,0.52306026
7fb9c360a3a0_image,0.7056939
11abda231924_image,0.33119705
fa0c84ee4577_image,0.25600234
b3c8408f4064_image,0.37346238
65acc1fb99a3_image,0.52823913
fd435a3c012d_image,0.25478205
476dec5c36e1_image,0.2709051
96948f97f356_image,0.30043697
07c552c36da3_image,0.56625885
a2c0d74fda88_image,0.34381145
c5b3475f3ea5_image,0.28933096
26f55b8a7a94_image,0.252667
793167fdec10_image,0.34485108
9e525f16490a_image,0.27550718
4c4737c3e3f8_image,0.7551223
0d617e83e527_image,0.34108692
cdc508b061fa_image,0.2799334
ee27ca277911_image,0.2646013
7169a450d1bf_image,0.26118308
c00bae0e7714_image,0.6211187
5e8d99b9ab38_image,0.2415038
88782677cbec_image,0.26989537
11d59a5488ed_image,0.76401365
f2eaa573742f_image,0.31956512
bcefb8e50563_image,0.3003196
51a0100c5921_image,0.33300066
21d1f013892c_image,0.29442528
f90deb13b3e2_image,0.24875513
7529a3e9745b_image,0.26693887
9e78e0ae2f3e_image,0.7250344
049fce8128f9_image,0.2608505
2686959fb3a5_image,0.4046587
b717534f157a_image,0.5677787
18e043b70fda_image,0.29890648
a2460d88071d_image,0.27225962
7e3c0527ddb7_image,0.24115872
1aa1491c9cd1_image,0.52753663
ee580bf07fa1_image,0.7100938
f34e1aaea8a0_image,0.42030883
9114c5437cfb_image,0.2555678
95381cfcbf0c_image,0.75271374
6ea59a2ee627_image,0.30430245
a269f69b335e_image,0.49025393
a9d318c0b89e_image,0.25813732
ae357fad39c2_image,0.7803401
65a02e95292e_image,0.28492492
7750ed45ff97_image,0.26734725
11f8052288c7_image,0.28028786
78ff4d296adf_image,0.74142474
a0f473f71878_image,0.2587416
a4067adac314_image,0.5973758
ab97e736a971_image,0.2684888
c24b6850df7d_image,0.7143529
6758e5ed7742_image,0.26260558
c010822b2938_image,0.26514548
670989e56968_image,0.2497
eeff73683974_image,0.58440506
81bae2b0c027_image,0.26630968
d62e3d8adae9_image,0.2528625
6af96c8a94c9_image,0.28705207
aebc1d3a968d_image,0.279458
0418a303883e_image,0.7847292
9188ac2c54fe_image,0.31162825
120ce3e7cd73_image,0.6186896
4b0058c1f54e_image,0.2562822
b7eb3f96fb93_image,0.23192516
11dbf622932a_image,0.6841388
33087aa9853d_image,0.5538758
d8e2ec854be4_image,0.23550896
6e13fdb97952_image,0.3796122
8b3366ec66d4_image,0.7595901
5c90beaa5c48_image,0.24374084
db4cecc08fe8_image,0.49895126
af13d77fc159_image,0.24387386
a43200bd5ceb_image,0.2800518
53b4af5b74d7_image,0.7652589
d6bfc693ebd0_image,0.7323103
f78ec02bc8d8_image,0.27754685
b93887026df6_image,0.35687953
4f1ad3374103_image,0.41493782
e71a18669122_image,0.3530336
e8b4525ec41f_image,0.6277533
d7e440b4dc62_image,0.74711967
82eed39dfb6b_image,0.75064826
65a5d46ef968_image,0.2638373
3d623665afd7_image,0.72331905
8757ce9b582c_image,0.32816783
661343e25b55_image,0.24285276
1a1722362e19_image,0.25454387
43e370c03cd2_image,0.28634006
4ffdca4189d5_image,0.3127402
be4b4301c5e4_image,0.25198373
55ecad406759_image,0.24553864
67f192ad1a53_image,0.23934832
9951f793880c_image,0.26781765
e59126042b0e_image,0.25615796
4905b651a091_image,0.6275772
d4ffcfab21d4_image,0.3150137
7bbafcdea0cc_image,0.27070272
b576b0f1eeac_image,0.30792743
dded54f9de15_image,0.7269657
859cac874454_image,0.61375743
159cbf4e41e4_image,0.63727903
6f3931d7257e_image,0.66744065
c6c9bf98487a_image,0.25440723
275c11b52bec_image,0.6887968
e2f83c4e9c79_image,0.2661445
885136bc24c1_image,0.73345476
be53bfb563b3_image,0.2493685
864372de3df3_image,0.31827706
5163e54f5fc1_image,0.7733372
6eb71d191dec_image,0.63691646
2b59777ebc31_image,0.24156976
08b12b305a50_image,0.2593737
5dfad16f8d65_image,0.25158378
be6bf80c7071_image,0.2505117
beb80bb88a6e_image,0.27113074
a591e663f4d8_image,0.25603437
a91b4b59c145_image,0.25767985
d4f61c144f48_image,0.2445432
8be9683b4acc_image,0.26840407
087f2e308700_image,0.31603464
e987cb5ca98b_image,0.48318774
8b6ebd55c8c8_image,0.24987277
e95803934fc4_image,0.71364975
3f8195c5362d_image,0.6898173
8fbc90b33f87_image,0.25562355
36500eabad2d_image,0.589913
6dd0cdbd225f_image,0.2472783
6c0e9f010b2b_image,0.25414693
2a2f54eb48df_image,0.7593752
51cbf7662bee_image,0.28227597
0a3a99612b28_image,0.24713531
8b7e42d19053_image,0.24611528
dc0b4b3495c4_image,0.24486856
f1774ffc9c4b_image,0.2580101
7f4b304253ac_image,0.25394243
60197b6237e4_image,0.78883296
95691f6666a0_image,0.7603806
6a5a6eaef699_image,0.29808798
7f090fbd8e7c_image,0.2674899
82e1a7088c64_image,0.27100042
4c3ca06916a1_image,0.3635891
03fa9d7e94a8_image,0.46453255
10d3c965a5b4_image,0.82057506
2be1c227dbf2_image,0.33716625
f625309a6d62_image,0.40795976
89015a2258aa_image,0.2571922
f91fbbfe4682_image,0.2603499
c13357e59083_image,0.5702502
609361f18122_image,0.26277918
a9035a2d34f2_image,0.25153488
ad97e89134ca_image,0.24614605
9bee9808a9d4_image,0.2678817
cdcfbf2ca285_image,0.29313564
1fcfc9845e81_image,0.72066677
9677eff4374d_image,0.27850154
714c44f479b0_image,0.26048762
94ddca484ebf_image,0.29927865
4c3dbddfc294_image,0.45907578
681766974456_image,0.7591267
19e9733ee506_image,0.27688846
c47fc2a4baaf_image,0.7705243
fe2c1dc506e7_image,0.7589334
b1e35564ea39_image,0.7050276
858667501a67_image,0.2606188
1177e1bef164_image,0.25340313
73eb8898d211_image,0.6008786
8cf062b99674_image,0.31770667
09a38ab5a5bd_image,0.7379778
2ddefbb957e9_image,0.26496446
28b8c44feeb7_image,0.40542284
b08f26e45762_image,0.2547132
236d240402cd_image,0.25712687
3247432330d8_image,0.2823357
2fca6fe9c1ba_image,0.28554434
92c25d90d0a8_image,0.38247055
1450e124011a_image,0.6577147
7bf91ffc125c_image,0.28096437
3fe73d3b28b9_image,0.41137734
ef661638c8c0_image,0.22828767
32b23b347bb0_image,0.3975297
3b4e41cb8212_image,0.29790133
695e2c6dede4_image,0.55030096
db1af486b119_image,0.74479973
ba91d37ee459_image,0.26534623
1e9b7b493e47_image,0.2644554
5a2b8c736aa3_image,0.2664434
942313ae4303_image,0.2599539
e47df1ad9ccf_image,0.27072772
629ef3bd6a66_image,0.23419878
6aedc81fb62d_image,0.2746157
d764b622b4b5_image,0.23522344
bbbd7ab57e75_image,0.5436163
586b00a19a17_image,0.4983688
c3d79bd7e833_image,0.2574508
c5c3fab94f6f_image,0.6201178
f7036442740b_image,0.3016247
c6fa6b9b8093_image,0.31452525
e5e44940be7a_image,0.31452525
cbb693ad2012_image,0.22842391
c5ac37cc6234_image,0.68207604
f554169c1277_image,0.23858497
f1b95b972b74_image,0.69866484
e8cc6a2f117c_image,0.2515858
ba0cf340582d_image,0.25950155
760acda93997_image,0.5382852
c5a76564ef83_image,0.6977241
5c8c441a0650_image,0.55688715
96780bd04f67_image,0.2689192
7731db2caed2_image,0.2530142
6e798a5025b7_image,0.5916214
ee2b112cdd91_image,0.27203417
ef25824e7b3a_image,0.26261908
07db3756ec28_image,0.24616349
8f1894f52499_image,0.25704774
c614d8c2e47e_image,0.2609461
817301ec71da_image,0.34879375
603addd70746_image,0.25897884
4fff9ae1ff37_image,0.65485173
c263b1e9aa64_image,0.25084546
83594e6ad0ba_image,0.8182708
eebfaa5e1a65_image,0.26373148
5a73ab51749e_image,0.30558702
8ad2e769d2b0_image,0.5511849
88b9ca325a4c_image,0.2608723
